address,attacker,score
"('0x3233ea452ae21c6badd35d4cb64f9e3fb81ffbdb08dae1670376e29d5c62131c', 113)",0xd45b99c3c612a1c44c2446f945fa276d0da6ce5d,1
"('0x26995811dd7f69ad39f4dd51ce64fab314ca2a89f463fb4644b83db8b348fa86', 15)",0x12345206bb098b4e4b899732a6221d39e8721fb9,1
"('0x2eef59a18cbc417fbc45af6d4cf171afea3674bbeb32de6531371073465f43a4', 31)",0x9687ec962a3a3f72e2c3b7604c31ccc7d1eec84a,1
"('0x9e0ba25878137884286af928da00f390a407cc5e6f81365ad7565a2ba97e318f', 78)",0xb374d4a6a9449052d8a0afb15227e80300724108,1
"('0x9e8ef5545b43ca6aa93ea7dcda50b552b8cb099c91691189ee6d55706247637c', 84)",0xebf357764b02a64f8ba00ed4cf4a631af19b09b1,1
"('0xc8c59341b00c46024e06055812772bdc02d7abaaa93c015dfa3a6927e3855a74', 9)",0xb37a69c4f4eb82af5ccba06ae2bd9fafb8940077,1
"('0xf3f5ef43d6a45063a28c212acdf54a8dc0af325eed571990571738affedb77f1', 48)",0x2da6dd9133ff4a9397b6618cb6bdba589da8ab07,1
"('0x5332ddd7eb7715022c2c155a754812e90b2d2dd70f7fd038a39eefaba50a645d', 138)",0x9702bec6668a94619a9c3cfef0e220512fbeefbd,1
"('0xf2c6655f3d47723d663104ba60c919d67394c2b8cbb442729eb5a5124e1ccf2b', 26)",0xfd505702b37ae9b626952eb2dd736d9045876417,1
"('0xa7252fd20c9b485a765dc03816adb474740793a7ca36fcdfc6e6c42e79a81e20', 149)",0x60fd38f02c911aa1e3cbfdc5652f30927f0f3f77,1
"('0x86f08b8cf6a72ee77d7fadb0d3e7849e015df72e875f2395df6215df33026f9f', 13)",0xb37a69c4f4eb82af5ccba06ae2bd9fafb8940077,1
"('0x5226129d6942f3a4ca1f06ae68addba792ab65d4186452adb8ca070d90c0218a', 116)",0x330eb4b494e55955c27383e3553f78f533b706c4,1
"('0xe5d4cfffaebad346a7c7790dc5b9f65f7190fe167f391c218403cdd553d4179b', 88)",0x3c34de76ec06d7764dd62967f634e5f531a409d7,1
"('0xcf891462e3f157897e7ac2f13741730589974d8ada9bff8b3ddadf68ecd0848c', 3)",0xc5dbbe5dae5019ec840e6fc552c4d5ef72595606,1
"('0xca38371d1b0ea1d8dfeb0de0468c3c21f427838c4954ad6b171e49c2410a80df', 28)",0x04e13f187f8cf61665fc1b2b351c33d4119a9a07,1
"('0xf57d7d92e5b75a2d7348ae1040f2152d6a19aae13ecfb19f6ead854ad36e06da', 43)",0x4995677208dccd1605c83865515dd61c1461e9de,1
"('0x9a7fff265305f5b8ccc8921a1d4ae3ca988d4597a7956d370ec5f1663d89dcaa', 34)",0xb37a69c4f4eb82af5ccba06ae2bd9fafb8940077,1
"('0xf9d1ac620058dc06558748dba8bb1db5744e7de407a541c0f7a09e783ddde38e', 34)",0xb37a69c4f4eb82af5ccba06ae2bd9fafb8940077,1
"('0xf7329940cdfc4b268c9353f02db1fa052d8c22497e8ce60473cde7f7d7c69141', 26)",0x3c34de76ec06d7764dd62967f634e5f531a409d7,1
"('0x655cf319c870af1295f6a7ef64489e100917e1e529d4e2b65022079a013e4865', 138)",0x60fd38f02c911aa1e3cbfdc5652f30927f0f3f77,1
"('0x2fff7e991db71269adabc74922808f1e5978bc692553e156200cd8b26da9ee4a', 11)",0x60fd38f02c911aa1e3cbfdc5652f30927f0f3f77,1
"('0xf699796a6fa36d189f90ac687c942d1e0ae496c225cd62ddbcc1d0f7aaaec87b', 69)",0x0923c3638664e797782030b154bdfaa2e5cd331f,1
"('0x1b88bddf753333a0d764bb62981ec1116ae7356b2b98900406bdac70ac8c9e32', 44)",0x3c34de76ec06d7764dd62967f634e5f531a409d7,1
"('0xfa4e3df1db6a20608876fc152a3f5b6191cc6d0da5331bfe9161d225c9dc1bf3', 46)",0x9687ec962a3a3f72e2c3b7604c31ccc7d1eec84a,1
"('0x07def3e3769377ee00fd408d3a9a8fc8d8baa8bea09f92065000df4aa33b4652', 12)",0x9687ec962a3a3f72e2c3b7604c31ccc7d1eec84a,1
"('0xc930037aa6cba4bd80f22e867382a5d7850e86bc2286feecb1a2071c9d01a2c6', 15)",0x624b301b0e4b084c62dae36e7153a0ec9e7db672,1
"('0x971a0a1ddccd21a11ea1794597d79b91f63a2b277773979738cb46d7ba7abfd1', 47)",0x1b7ac9e9a7c64ac7d8d73281f9204c27489d1ce4,1
"('0x6465c5825a4485bd077c80d971847a7c53481447299382504d332222f011284e', 181)",0x18f8aaa181884e02011d9e4a73a023296e3fb50f,1
"('0x968aa7ffebbb5b3b22616a5bbabbc2fc4858c8280c0ffb7f173f5c65daeef8d8', 4)",0x3c34de76ec06d7764dd62967f634e5f531a409d7,1
"('0x497ae642c26fbd225f49aa615894e3f624d9d8d5d910c95af709135f34eea7db', 155)",0xb37a69c4f4eb82af5ccba06ae2bd9fafb8940077,1
"('0xb39e984b2f08bcd008eec1878661939c6d80752983fbe4efbb2edad54f2c38ce', 33)",0xfd505702b37ae9b626952eb2dd736d9045876417,1
"('0x8f7b6de02714f6419a1bbe2c5f450424797085b02f1ce572c1f517dac76687b9', 16)",0x42e6f8701fdba971f8f49882d728a1de7a6566e3,1
"('0x3965fd779f24348789d53a964bf44ede89473caec3088bab533d3189acf7a4c3', 55)",0x4995677208dccd1605c83865515dd61c1461e9de,1
"('0x020a9926eb80bd4a5bb34f3cd68449c1e483915d224cf6f4b133d39c7c6878f8', 85)",0xbf45e6eb898c7ea5b1df380f36e789435da9b9f2,1
"('0x1d2a8a3aea1b295d7804757c712f0d127da20b9e76840a335ff8670543870f2a', 13)",0xb37a69c4f4eb82af5ccba06ae2bd9fafb8940077,1
"('0xfa57388020f40bbf20cdb4211211543efde6ab31306cbde8cad5b9c1c7c661c5', 12)",0xfd505702b37ae9b626952eb2dd736d9045876417,1
"('0x5ebc732fd5428a22711c91e47f2877e6b40e1924dccde3abdc84a1e076ec9295', 27)",0x00e0c9048d869f397fae79235e3de1361ba14b67,1
"('0xf6e965ff3374f2a343eb7cb0e3b4501feb5b122bbd5e6aea9cc180cde3ba4a7c', 117)",0x1935ba29d778f2e4623c42910910ef85be7021ca,1
"('0x792adf25efd962a2155d5d8c39f5905e430d5ae6b6cfc1533447576052149a5b', 93)",0x2da6dd9133ff4a9397b6618cb6bdba589da8ab07,1
"('0xdb86bdd35659d8b04494009c583f2c7534f1559beed3a370a3c4bc73f3124df3', 3)",0xf670920c857e5eb1a60eb034679eed334b5cc358,1
"('0xdd573e111783ff7a8e5d38444d90ed26748c3455f1318cede7784a62dc2ba525', 54)",0x3c34de76ec06d7764dd62967f634e5f531a409d7,1
"('0x133456436ca3878617bf1b85a37c7c1c9f158092804a2d8cb8ba3953b06663c8', 78)",0xb37a69c4f4eb82af5ccba06ae2bd9fafb8940077,1
"('0x4c22bafbce779aef0779ca96952ee3c9469e07d6bb794cfc8bfb317ef5808a29', 63)",0xfd505702b37ae9b626952eb2dd736d9045876417,1
"('0x157addb68fe8a9c82981b33933eb68d0c38251f12d6dc8abf5c605900dbee4a3', 16)",0xb6d1077cc129de638238d09e814be613c89e016e,1
"('0xa742e94dac19be56a52a5b9cf1cb5ba726f1a76ba844c78ff1fc16554fc3340a', 107)",0x4995677208dccd1605c83865515dd61c1461e9de,1
"('0xd878b89783d3d02f4496ee1a251855635628b15e05c09cbb4ede507457a55a1d', 127)",0xb37a69c4f4eb82af5ccba06ae2bd9fafb8940077,1
"('0x277d818ed6def4f30c8e4013be3588b2f2253f5b8db1f43f290478d2e707fa9e', 14)",0xeaa8c3126791087bb83214a04e40e9013bfab42b,1
"('0x02bbe83cf8e7c9b7d5892bcd2ed8dc9fb7c6faead5f0a46353bece85ec1b57bf', 69)",0xb37a69c4f4eb82af5ccba06ae2bd9fafb8940077,1
"('0x6fd7fd604a31f8ab22cb0077184621711596eccd21315c0d66b2420e868e4116', 49)",0xb37a69c4f4eb82af5ccba06ae2bd9fafb8940077,1
"('0x9cb0fb34ea75779906f3d041e02fee9f4f362e133834521bde838cc3bf5b971d', 9)",0xb37a69c4f4eb82af5ccba06ae2bd9fafb8940077,1
"('0x134c512fa181420cc8387d64b312251a05dcf082cd3dce2a7348bdb457494c45', 77)",0x42ed123eb5266a5b8e2b54b2c76180ccf5e72fee,1
"('0x1c8cc9a7c9fd5fc3e99e24a0f45df5336b1383de49fa09e9e477a8e0d14179e6', 53)",0xc450d93b84f014d6cdd02743b5b3481598e8fa58,1
"('0x51b283deb15e5b8843535f9aac72edeaa2edc2a6214d23f0bd9835eda5c83c08', 1)",0x9687ec962a3a3f72e2c3b7604c31ccc7d1eec84a,1
"('0xc6e6b8d14c862b77a501780241b7ba4337c22ad85717dfc13cde1667ac653a47', 39)",0x0cf47073093ec2f3c28f7b2a03a9fc345d6af678,1
"('0xca0c77608fda4c97a708e34ea0d8d628096324031e009503ca73d6124ee387b9', 40)",0xe24c3ffee838daadd46d937f023f605500d3f81e,1
"('0x50db63006037e40e8e21ccbde68d5f28099cad618ecd4f9e7aa420eb45e800af', 46)",0x6219f06135b79705d34f5261852e9f6b98821e1f,1
"('0x08898b32ce40d28759120ce17bd0833fd7d6ebcf995b07ea31a291ec88d5757c', 80)",0xcf659b8165ab0d448657eb8ee03bd91210d089c4,1
"('0x57f35987bc866e813cea51dea22473d62137b9bd622cdb4a66b7b7b1fd5bc42c', 12)",0x9687ec962a3a3f72e2c3b7604c31ccc7d1eec84a,1
"('0x0cbb45eef29bd063ac5897043d0afb58fc41b9025314c4505183fe603dfb583e', 324)",0xfd505702b37ae9b626952eb2dd736d9045876417,1
"('0x906e2c7fb73ca06916693393531fae1a263c578031f3496c27c1d0d03b137b78', 44)",0x3c34de76ec06d7764dd62967f634e5f531a409d7,1
"('0xdf33c1662d84b17c7886da59ec9aac6c20c16901f0322a6644f09058d8c33eba', 23)",0x62164eafbbca3601fc5597b2c881319d8f961488,1
"('0x6c2db4e17dff139620fbf678f541d03dd5b7422790c7778c1b6f16460b7b617e', 7)",0x2f17755cb159dc5a5fdb4e64c57d66c9f8038769,1
"('0x3c5a391f6955c5783f5243b51a3a6ddd4b62aca05a702b745e27301a7b0eba83', 9)",0xb37a69c4f4eb82af5ccba06ae2bd9fafb8940077,1
"('0x969fdf06ac7c989741e065f11e29079e6a8679edf9c845e998674cdd1fb7900d', 135)",0x60fd38f02c911aa1e3cbfdc5652f30927f0f3f77,1
"('0x88b26ab02bf9f9222a98404f126987c564a21595684190e5ceea46493a1148be', 50)",0x98a4e60012c38da47bfee166c74b4a3a228d2dcb,1
"('0xe1485f857b40e2ba1deca70cbf896c1c75de08a6e6c2362940e9e5819b53ac46', 54)",0x6219089059308928ef44ed751f85d1bfca1ac57c,1
"('0x8adadc7d91738cb0d634f8609769e88b6979078c5921f116545f15033ae01dd3', 54)",0x528d7be22a51695973edb29a7829d438abd4737a,1
"('0x7e8d9eed0e64fdf575422857c4875119ae5dc06a106b7ec682b2526e8168b7d2', 44)",0x6cf3009421099e3e7d3a0b48571150df22d7ef80,1
"('0x6fe81d2b2984cceb4be503a007c751de4de88c88f3f11db20c7534b8fef5b847', 73)",0x3c34de76ec06d7764dd62967f634e5f531a409d7,1
"('0x50b6a7ecd0527d4a233b22cdd693cc4d0890bc8989d5b319154062051db7f583', 113)",0x3c34de76ec06d7764dd62967f634e5f531a409d7,1
"('0x366f6085871078c6cff6cbe43a443d3dff5f4941f736f85285ac92f1394cac3c', 137)",0x9687ec962a3a3f72e2c3b7604c31ccc7d1eec84a,1
"('0x5911f14a06d33b5c7b6c4fb40e8bab84e942e3efca5ac870198d7d93e0facdaf', 9)",0x30ae23a8a3d9cbc01530dcbe7bf816258977b8ca,1
"('0xba2d0ebd1135d83f37a2e040ca05762f3c490aaaf0f8a476f07f227fc609bb09', 2)",0x5aecb3ed16ec25395dfa3311d19dfeed3d75b240,1
"('0x67caaf880a77626560e98c60684231e7c918096b87bd5d2f853a897959c77693', 21)",0x6219089059308928ef44ed751f85d1bfca1ac57c,1
"('0x64ed1605fac8457344f16c3e3a258b1ee68f097cd80b2f38b19f24dc2eb8f1d9', 82)",0x71a3fd612cdbeaf177b52b2eb792173e3d25616b,1
"('0x9dbdbf715b007cae7a3c56cd26c96a9d8b99c3abf78aecdbddf3e8267f02e8fb', 322)",0x7cf0daae7b65031c0e11e1bcfc06ef8455da35fc,1
"('0x9dfc5e3f2092142321de2c89f2fed5c0845e3595c4ce4fcfd5d4e964641b274e', 56)",0xb37a69c4f4eb82af5ccba06ae2bd9fafb8940077,1
"('0x6b99e1b3880513f47b3fa6c82ff37a97e476deac0f5a4b04a55a02e0a5f9e361', 68)",0xfd505702b37ae9b626952eb2dd736d9045876417,1
"('0xe34bfbac0b5612e044f87bcb1c2591265beafae044a6ffa6bf66739df2499a62', 144)",0x9687ec962a3a3f72e2c3b7604c31ccc7d1eec84a,1
"('0xb7f9359216a07a272b1e9edecdd7f6050ca61ffe24a21f4a5030918fa189693d', 14)",0xc10e3ee8b7edb82e4ba53880c538dcc027c14e59,1
"('0xe986685d3e542978005a373e725c711200a569890e33cb934877df7f0296f7c6', 44)",0x0cf47073093ec2f3c28f7b2a03a9fc345d6af678,1
"('0x87b12b9f44be8ea5dc389b8a23fff003a3d5fdddbe2ce01e9072ca457a3d23bd', 117)",0x62164eafbbca3601fc5597b2c881319d8f961488,1
"('0x3237566318636c463eab25d90696b86b8b6c0c5a3faa3d905b903300654cd437', 21)",0xdcc3f4899b0dfb10659c0cfaa427543f763abcaf,1
"('0xaa603b364ef63fe73bf4afb04d4fe70d6b1cc7b132532f558c266823cafdd139', 105)",0xb370a1053d1d233614db6f4732868d4dc21f805a,1
"('0x702fb31cd90e3a9cb856c50748be9dbfd4d1c3721ea634e3800c028f39c3a027', 257)",0x48ab1c0a22ebad40534a294303c7225f1f2d8140,1
"('0xaa46896b533b829caa90ced9640cc50315ae62dc1e6bdecbf4215afcdfb59998', 96)",0x804cff947535bb56c2b4780d5449063190f3adf8,1
"('0x816db137f944bee3df9f1ecff70f1974630b697384d4d811e3e0af69b6202119', 210)",0xe6a6303db44d2e32995e80d8ed7930165143e871,1
"('0xfb01c1a573c432e03cc5334ed83df7cfa08cad5f02b1ecd423ff8f7b80b72c75', 54)",0xb37a69c4f4eb82af5ccba06ae2bd9fafb8940077,1
"('0xa71d4b76f99e00e666dc60ec76af9d4e9e4d8baace7811bf2b982a990ca4f67f', 54)",0x42ed123eb5266a5b8e2b54b2c76180ccf5e72fee,1
"('0x4ac4c733fcccbfde0e5521a1bd1dd05d43d550890366b1c2b3f52eb2112e001e', 161)",0x6219089059308928ef44ed751f85d1bfca1ac57c,1
"('0x5346e2e6586884eb501ea37344de34014c5f5072aa980504d0cdc33a60915c87', 43)",0x3c34de76ec06d7764dd62967f634e5f531a409d7,1
"('0xe14a1d8f0eb7259b1f6a4c9e82500b9439fd02a4c3c40c2d4e973847a13271b6', 16)",0xb37a69c4f4eb82af5ccba06ae2bd9fafb8940077,1
"('0x940ac5e957f15108cf1b5172a6ae09470cad6089d363b23a8c494b12cc0224fe', 91)",0x60fd38f02c911aa1e3cbfdc5652f30927f0f3f77,1
"('0xc9d6dc6b801b99d8ef6bf90d7a369578d8805c519c31baf4100407f95c07a0da', 20)",0x72ce4e4eb0a6ed7ff09e789fd8d4f103fb6514a1,1
"('0x2047911cb3b72465968b35cbeddf8601320c5f99df253b9c5ad556cf5a331462', 43)",0x60fd38f02c911aa1e3cbfdc5652f30927f0f3f77,1
"('0x57e454d9884162c53b56964fb389e3cf38b627a7103f1db01dcae7af6ae8f1db', 18)",0x60fd38f02c911aa1e3cbfdc5652f30927f0f3f77,1
"('0xb6516108fe56778b8e187e00ba15c285ba465844282da25eb001b01a7f7f1023', 123)",0x53c2e64f505849022ef21538389db7294edef717,1
"('0x48e1e7431e3934dd0d58b7502b815e3aae178fc78e67ff00bfba843948a75990', 9)",0xb37a69c4f4eb82af5ccba06ae2bd9fafb8940077,1
"('0x95b10bf159dbb8143466c34c362b6736790eccee75c5b75e746997948695852a', 163)",0xa3dffda833839eee6dc53028c7081361fc45766a,1
"('0x215e18340e00531e4154a08279f24c3fbf41e83ae4801220a2b27f937b57b3b0', 7)",0x3c34de76ec06d7764dd62967f634e5f531a409d7,1
"('0xf8b68cb178dd0c87a71c9ca587feeb5a627aa5ed0a81423a8695c20a1fbff26f', 42)",0x60fd38f02c911aa1e3cbfdc5652f30927f0f3f77,1
"('0x26bdca6a5ff6a8a3e57e480d85e78b2ed232b37fc196e751a209e6ce5631d2bb', 10)",0xb37a69c4f4eb82af5ccba06ae2bd9fafb8940077,1
"('0x53a76821a7201b084767aef820408ec7eef64494f3fc4d3b20eb3a714b5352a0', 7)",0x0000000000000000000000000000000300000405,1
"('0x6364b063f660f5a6adcfee492340ff9fdb540e78ff68ed5673ee708209b76ddc', 12)",0x60fd38f02c911aa1e3cbfdc5652f30927f0f3f77,1
"('0x2b1bd003cfb0bff199e8561adf17af3c4747c90a16c31b387ba70d968774084c', 55)",0xb37062bd48eaa3d9343634328b115e0184ca877e,1
"('0x3b96d7542987d87bf4b78c8c5c309357f601146f214f273aec82d68db642eed8', 115)",0x6cddb7dff17a72429a6509ca98dbfdb7de1083a7,1
"('0xfff8f497d84c8a13cc48b9539fed8afe64277870c3e5ca571f0d59ab50aef9b5', 12)",0x7f299bbf0acb2835081db7846669cb1a422ef118,1
"('0xd1be9ef55074652cde8d3725e895874d861f8db27c9948be41d3903411d9d977', 5)",0x528d7be22a51695973edb29a7829d438abd4737a,1
"('0xefd4dab1af91d60bb74292d15075317790948ba13dd3104a1920055a66a5d57f', 23)",0x7cf368ea0081bd7d44b911fc46e2c762c9ef2cde,1
"('0x4a14ceb2f3420c317092c745af6c18e6a7ec17eba0ec93230166500b283d37cf', 35)",0xf66a0f84d7550230a12e55a4eea1cebc15854800,1
"('0xe5f78fe0c0ec17d3dd8c1869045b73b0c56995d7671c62545f26dead1472ad26', 237)",0x9687ec962a3a3f72e2c3b7604c31ccc7d1eec84a,1
"('0x9c5bf0dca296de7ab6489655d94aa65d663c5f950c355ca47e3d5793b570dcd6', 48)",0xec82dd3f1a906e3c72b77bdee375bb0442c2bdbc,1
"('0x426e17406735c8407a0e63df92e57b9e6036f541c569dc44e223607f8b0a03fa', 99)",0xf21f03ec3c4c7ed943da7fffb531847f857e0b5d,1
"('0xb5f2d8b7a68f59ebc018c25d4a4a63783ff722694809e9f61d496945e44102ea', 25)",0xb70c15353abf50624a9d6f30bb962344cfe57f33,1
"('0x45ebf2d4feeeebed61548fa3ec6bc1ed0abe162c12cd47a4ff41d293af903eeb', 39)",0xe79a8f2cf63a353e687d06a9d540cb9442c10b91,1
"('0x1efc0351fc1281eef415f5aabb38c2f946f554cb0353bba0b01da0f9021bbe40', 78)",0xe05af1023b9848b7e5144680bef3782d2ab31a90,1
"('0x22525b202024525642a6867efabb28ae25c02313c7caba053663f9715279aaf6', 82)",0x9687ec962a3a3f72e2c3b7604c31ccc7d1eec84a,1
"('0x2035b6522cf76e37f627bd265e1431c5f97adffcfb618b06a72e36eaa4198e39', 40)",0x53c0de201cab0b3f74ea7c1d95bd76f76efd12a9,1
"('0xc0fe37d7020f169d1804a91142e88d2ad514ebe785d74d073d12842fbbc00e60', 29)",0xb37a69c4f4eb82af5ccba06ae2bd9fafb8940077,1
"('0xe4ac7328fba3a26a7bbf57526fbf635496a17a588208a537ee84970143f694f8', 24)",0xfd505702b37ae9b626952eb2dd736d9045876417,1
"('0xb4b74b356bc0f5302d2e70d4c66eabbc19761714e34feca65639474858438220', 59)",0xd92307c0d68c99e4a24945dc67efd33bb24a2c84,1
"('0xed794ae0399091bfe905eff52cb3c455960f2652307d7b5d31f269a3dd59eb01', 7)",0x1234561fed41dd2d867a038bbdb857f291864225,1
"('0xcd70a5019c6b415e88931473ed6c0c97f90bc76901b1558c4ccf55d090447140', 46)",0xf2602cc10d0ffca29363f9295426c9dedfe372bd,1
"('0x5a9680e4120b0e159fa65bf73fb20dda742d52b0013fd7cd55e4000f58bff8e9', 86)",0x62164eafbbca3601fc5597b2c881319d8f961488,1
"('0x46c3b7bdd031dad3eaeaae045471749ebd84eec29d5d1e14e75d02ebf10aee80', 16)",0x0cfcaabad3a0889f6a1cc2888b6cb8db3e9142f4,1
"('0x881943f072b048b34c15675af5e3a64d991d8f40d619918e73a45b99c484794c', 29)",0x3c34de76ec06d7764dd62967f634e5f531a409d7,1
"('0xaa756f37fa37c6ebc90e61177ecba84f2f04c12edaf11a9daf0cd9cd4f37262d', 298)",0x62b398e248cd0d936c677bf0e071fc9c78c4e510,1
"('0x50e1a8dcb0cfd26689f67a304be41392067b108223ac997e7ef9693f0b1ad1c2', 58)",0x3a0fb8adcb3f8dd8b200885e3eb94007ab18eaa9,1
"('0x698496425729212d9c8968a9bd8e50bbae1d1e159dd4a4f67271e0f476c40b4f', 36)",0xac4d386b54b1aecfff2eba9e76e352cf202c8258,1
"('0xfd58dc9b7bfec1cd0995b9b1db02dccbdb89bd5d738c10c890832127de168acc', 36)",0xb37495d5acd16a0cb9625503f0fee6f72feefd5a,1
"('0x92be99d0d0debe0550e0e077a8520766518e4b310a53a54e368ae9372d5ed5a0', 97)",0xb37a69c4f4eb82af5ccba06ae2bd9fafb8940077,1
"('0x225e4799b20c4ff7357a93beeacada6f11607dad2ca3890c1bcc17669a73a27b', 87)",0x756e8b17992e37d0f9df413cd7a7e3af4c79a8ee,1
"('0x385f91df67da31fe6b357e6f12b1a3e58780b3022f123c504ef86ef199300b27', 78)",0x60fd38f02c911aa1e3cbfdc5652f30927f0f3f77,1
"('0x15584348b14948abade03518275821fb624870d8a74c19714e46e7874010f9d9', 95)",0x3c34de76ec06d7764dd62967f634e5f531a409d7,1
"('0xd0042ff0788c79496fbd91ef2be51cac47d5fc4ddf5741d9454122b3f9e99e1d', 255)",0x5771113b65a1a2829e077959553b3e30f98879e5,1
"('0x2d3dcb3c92ac2235652759bbc19dad5e0e9f32f9ffb341163928e1926f6df39c', 48)",0x1234561fed41dd2d867a038bbdb857f291864225,1
"('0xa7cf1d9df313c95927ee8c4aec4a55820cf1ccd79c0adf9407bdd32dc5437e30', 60)",0x6219089059308928ef44ed751f85d1bfca1ac57c,1
"('0xebcfee1c32dabaefde378de15b38fc48b48f82980c002411219b4bf5da6dfe28', 50)",0x3c34de76ec06d7764dd62967f634e5f531a409d7,1
"('0x6a0437a0dbb7984ac33c9a6662f7b316ef53343a4580a0c25263131b2aed2ef7', 17)",0x72d58b332955ed97a4301ee03ee6a5c3e33931b8,1
"('0x46883099f5e1f80ee51f915140caedec2fca52bd5174ee74adbb8349a65046be', 108)",0x2dcb633537dcfefade5dca5defeca5e667a9d14e,1
"('0xc92f703718526e5248b167e4bab473ba6c33c0fae1519b3c1f231ecb074432d0', 113)",0xfd505702b37ae9b626952eb2dd736d9045876417,1
"('0x345241b20f47525a5d43da8fcb55a8486203069e7ff23afaef06d8649aa11e44', 52)",0x60fd38f02c911aa1e3cbfdc5652f30927f0f3f77,1
"('0x63d63392a9cdbfdac912083af6c6db58655383fccd69a9fa1038739b68549915', 41)",0xde501e857cf9ee4aede3fdf053f47b448e1ea4cf,1
"('0x7e1c6021696eb6d30b816fd4774d31334bda3b453a05b3f59052df7b6ab0f8d2', 489)",0x6219089059308928ef44ed751f85d1bfca1ac57c,1
"('0xcd62f42715c74b67ccf3beb09280a3a884ec3ee1b733f0fa0f9c4674ca763b0b', 100)",0x000000085d9a759bb5c3d459d638739c0f48deb0,1
"('0xcec164da737f30bebdbb5365f1610f76ba0294b480b2aa150e68961b2d172957', 69)",0x62164eafbbca3601fc5597b2c881319d8f961488,1
"('0x0b4e47b173fcf598354a240cad620a1e476fa5819e99dbd9555838c4686a8071', 83)",0x3c34de76ec06d7764dd62967f634e5f531a409d7,1
"('0x109604d0c848f5dfbfd268e72021ea1c9f32b98cce3187581855343ce25b1ae7', 8)",0x9687ec962a3a3f72e2c3b7604c31ccc7d1eec84a,1
"('0x866941d20fe7a2e4c774658bb59d7e0f42a9260cf6ac6e1876e7ad04d75db1a2', 87)",0xfd505702b37ae9b626952eb2dd736d9045876417,1
"('0xd90a4457aec917d55d867af2bf4b46315d4b21869d3e966e2778c133e64381de', 63)",0x928f7a5622d0691596c7c475a745d329c050a112,1
"('0x796c37cc008584450f2540f2450f24cdfbd0f4283b4d6009c691807f3ef07e51', 27)",0x528d7be22a51695973edb29a7829d438abd4737a,1
"('0x2edcec8ebd9dde106f7420cf21df5f363a0090896c81265ce4013d0f2a99299e', 48)",0x3c34de76ec06d7764dd62967f634e5f531a409d7,1
"('0x23856ae18d69505180e95e8af1b177e86c1e8833faf71d4f5ceb288ed5ce2397', 27)",0xb37a69c4f4eb82af5ccba06ae2bd9fafb8940077,1
"('0xcefa7c858f5856c0a9b1747496ee80b006938381dc5ddf8b1f9dcaa3463c6c82', 128)",0x3c34de76ec06d7764dd62967f634e5f531a409d7,1
"('0x42030352ed6b44b2b8c1f0b667c7aad1feeb374e99779090fecec60cbf819ccd', 102)",0x9687ec962a3a3f72e2c3b7604c31ccc7d1eec84a,1
"('0xde72695ffb2050a472a68f9d522d8183558e3ee4141bd82bed57339719b1108f', 34)",0xb37a69c4f4eb82af5ccba06ae2bd9fafb8940077,1
"('0x98ef1c32a36961f48280781000e7a725cdcc11f2e3c9172e802069ad42d51211', 49)",0x60fd38f02c911aa1e3cbfdc5652f30927f0f3f77,1
"('0x44c1f368945f72b1525e25f0d1059b2586f410abf1379b1228b3b5216cad6b50', 56)",0xec82dd3f1a906e3c72b77bdee375bb0442c2bdbc,1
"('0xa5996d8b3f06ec60b143f94e9fb59ac60e22769775b5231a3d523007aec0cbf8', 27)",0x9687ec962a3a3f72e2c3b7604c31ccc7d1eec84a,1
"('0x12d7577e016104048249ae13added9dfb341e434f1cfa1e92bae00f6acf8bf18', 13)",0x80ceae7f83ca2bdf50d9a55a7b282b612b76745d,1
"('0x33c0f01dca0e01ff5e7be1d6ba4579790bd02e669f8f419a25c47c7f26c2b279', 161)",0xbe1478bb1f5e93fb57366d690a64733884fe7a87,1
"('0xdab76d959b03f1b4a0583b484bf83930d42f0ac0f8997ac5e1fa1550c40710e7', 123)",0x0cf47073093ec2f3c28f7b2a03a9fc345d6af678,1
"('0x3622e16fcd39ba42d3c1ea92bbbb5e847b4dd79046e6310b1ec498cd4a74fead', 40)",0x9702bec6668a94619a9c3cfef0e220512fbeefbd,1
"('0xf62567b6337eafb1e9e4bd223adc6c678a9d93e22a1c946828ace086985f543b', 93)",0x5ca170dc5514b26dc1c87407d0fe4fcf36341aec,1
"('0xca38371d1b0ea1d8dfeb0de0468c3c21f427838c4954ad6b171e49c2410a80df', 30)",0x04e9db37d8ea0760072e1ace3f2a219988fdac29,1
"('0xa3bb2294abaae1a99c9ded2440665f6352688dd13947162396e45cec599e355c', 17)",0x28c9342d74c7fc6ebccaf17be217a84502b6092d,1
"('0xb6839dabf8b8654b53744e805a1bde72920b462aa778ceb700d824a4da06be80', 63)",0x528d7be22a51695973edb29a7829d438abd4737a,1
"('0x516bbc5e0b7d46c73c59b7fc021ef5eb1e6042fd2d9a606a15d1b29febc62595', 46)",0x9687ec962a3a3f72e2c3b7604c31ccc7d1eec84a,1
"('0xf295c4d379e3edfe6e7e4965dfb26c841bc8034c472562a2baf7da8dbd86b9c2', 98)",0xfd505702b37ae9b626952eb2dd736d9045876417,1
"('0x54e99957e173a5fbf10a8e57039e9d7af25306f25fb6ffd5f2ddab69227e0cb1', 5)",0x6219089059308928ef44ed751f85d1bfca1ac57c,1
"('0x0b94254981f15ff02cdead1565f9146ffd45674fa25d0b12928cacaacaded582', 53)",0x57487b21b1a2fb766ceca030a5685d16269f929e,1
"('0x7f3484e654f97996a0509d0cce19f16d3ae9204603a3f901f57a2b93611e9147', 57)",0x3c34de76ec06d7764dd62967f634e5f531a409d7,1
"('0x07d87dcc721a0c5d85451bd78570f7042ef4caff98781d1858fd244053714681', 19)",0x3e2e3a734be1d27865ff0e04b53cd78d8c11bb94,1
"('0x66c54de4689283f976435c023a9798c5a5ec6e361344e722dcb8a34d202f7916', 134)",0xd2f82e8e095b43216ca94941bfcf5fa017c92ea7,1
"('0x64e878f419e9ae322e352ebc111d8e51d6312b3e8b887dbfdb9c4b058f7f5c10', 47)",0xc5ddda279dbe82899bdc0ede8ce615fdbc9c6cdb,1
"('0xa42c96b65c5e5de84b1e5babd465945fc5cebf1602a1ec0981c97a7edc6be2f6', 82)",0x60fd38f02c911aa1e3cbfdc5652f30927f0f3f77,1
"('0x5e4c497b731e90dc74eb495d1ebd63e7d26b557d6c377aaf67d9b8e4a3d1b369', 52)",0x528d7be22a51695973edb29a7829d438abd4737a,1
"('0x65ce6f57adda5744b0337d45cf76f9670160abf745e01e72f6838c1a88f83aac', 61)",0xb3865dcebc4d90de8b0b52bfed7e6c644c049e27,1
"('0x57af26beec7b82659c2b2d2ce8297ff18769d14c85582165f7b9ec17114f58bd', 11)",0x5406dcd11e4563d4e32f285df56dc9d382b16e2a,1
"('0x985c52152cf87155d6215e19518754badf65d47496c9a6473e43c752c55a9498', 148)",0xfd505702b37ae9b626952eb2dd736d9045876417,1
"('0xa86d59bc95b38a8761a859711f72eba2a78c533b59c57864aec827dd7dfdd1ee', 34)",0xcb4a3ea64ed45f634f3a83ff400339d883132275,1
"('0xcf47a158a28fe0316abe69157366a5b06c43089bd605b51c82d67a1d9c9e5d9b', 35)",0x00000002a2cfaeaa6d2571ee7bbd573bfc492926,1
"('0x7cae5c3b68e46390b1943e22399d258c01d0b55a213a10a4ef26b52885831a8f', 106)",0x894cccb9908a0319381c305f947ad0ef44838591,1
"('0xeba9194bb6e81b3308f7a1b07b3795a6b52c2c12a8b7215e6ad7793739b3d7c9', 31)",0xb37a69c4f4eb82af5ccba06ae2bd9fafb8940077,1
"('0x3a9680f55e72f0374ce3b7c08c1c25db48e46d96cb5fcea69b5c70792a5cf5f4', 21)",0x9687ec962a3a3f72e2c3b7604c31ccc7d1eec84a,1
"('0xc42275c5e65524f8576d0e6baf31b99584324ee790f248aa0336799a6c587293', 8)",0x3b802293a784ff66f14b95f1df07ca542ee50cc4,1
"('0x8fa90bd844df373f658258db8dfc96d3b6b39014fb0cb2b874437e95e6a1c73a', 69)",0xebf357764b02a64f8ba00ed4cf4a631af19b09b1,1
"('0x79c864bd7b1df7bcb2909cad50ff5c9a2e565f0284e5173e36569fac2c297363', 22)",0x766dd109b38e9636c3d807a417d0429352c54f03,1
"('0xdbf7dcf550dd18f683641c3ddab2363743a5274bfe7ea3ad0665e3541e1fbac5', 45)",0x54de485a3e5ed6805a84f354255c2e9064c90113,1
"('0x3524c27b2168ac43bacda83f7080eedbef39d66687b7798d8f6f5e4f1c6be0c5', 39)",0x42ed123eb5266a5b8e2b54b2c76180ccf5e72fee,1
"('0x50626b599b11276a9b3cb6851d5a92a7de9a62e7186c5bb585286a0fafce0769', 106)",0x8445e4cb8a30069cc127b6eb0e05a6e989d536c7,1
"('0x1699d870d77a15aa82d67674e2176fd2b492802bd27ed6be1f66bb70b2682201', 78)",0x62164eafbbca3601fc5597b2c881319d8f961488,1
"('0x70f60ae63cedbeeab46e213ff46db794d1b12a2739dc638960f214c2206c2447', 39)",0xb37a69c4f4eb82af5ccba06ae2bd9fafb8940077,1
"('0x6fd213b342dd1af829674c60333103752d5a76e47a3bcd54c496a86e67696db6', 29)",0x519f889bafbfd21bcc1c6a431a2e903a9dbddbfc,1
"('0x1a9d816d01d7925544be406a25066acf34ec509cc1b09f82882abc46d01abd07', 9)",0x623d9e9f1e96a80170bbc9caa80936fe310092a6,1
"('0x3a86ecfc1dea91ff3788939a223f3ecde3b54aebe880da065964dbcba090207a', 156)",0xc4e893b0794d6e269031f4611366612f8e234e10,1
"('0x63f2887b4f0edaa49dc4b6f1a33bb7e454bda4295017f925319089a2e7759fda', 55)",0xb37a69c4f4eb82af5ccba06ae2bd9fafb8940077,1
"('0x924c1fb6849fd2367272a5736d48b16a58d25f4ec589e060ab23e92467591e9c', 70)",0x60fd38f02c911aa1e3cbfdc5652f30927f0f3f77,1
"('0x27a945aaea9aad13c478e2959a51c1dddcf881c80f6312b9e660bcd1957a2e80', 41)",0xfed5b3fe033383ec439a48823c396b40198662b6,1
"('0x12603a7433aab8bac731829ca7c0a4511942a641456cd148e312a7f42973e938', 5)",0xe0b015e54d54fc84a6cb9b666099c46ade9335ff,1
"('0x5b0cf06d3a54492d799747d8ae9e40e96f529f46b24abbdf3cdb113ea701c35e', 38)",0xb4b0ad03380c757eca9d2bb0d1de24f2ebbe6509,1
"('0xae3ae01a8c7f18a1fad5dccb96714ba0b4527d4227d67d6439bdd179af5ab5ab', 9)",0x6219f06135b79705d34f5261852e9f6b98821e1f,1
"('0x4734a2c0b13cac873ef5e678b752729ab849ec06c62ca198552cbed190c88063', 395)",0x515d53aeae5479f9adde74918ef9353d0de384bd,1
"('0xe42317ef835c26f5d2a41e69ff84b87ec9d37b5949f1825412b567c7ec4fd89d', 87)",0x3c34de76ec06d7764dd62967f634e5f531a409d7,1
"('0x2fa89755addc629494e28d7c2f54f06f73f34911fd05aa8a088bfb9cb892eefd', 64)",0xb37a69c4f4eb82af5ccba06ae2bd9fafb8940077,1
"('0x4a557ae878b407ef5fba63bb907a5475ed07730af6643ee842077bf70f46aa93', 4)",0x3c34de76ec06d7764dd62967f634e5f531a409d7,1
"('0x52c1214bff72dd659894234a5d9da090506c97fc671a3019bbf4fe30ea700caf', 90)",0x16d9d4ade650809384064127079ff532670c20ff,1
"('0x54a7dd9fb9ea06e3b1927e7732adfb6e37675be110ef6aa11533db0a0296a052', 55)",0x1209e8d32df1556fb63c6d08eaf26b112a4f4b7e,1
"('0x96e1634127e7c17c123f694f7618a9f2620cfc6d24c1be64bcb1b2897307bc95', 16)",0xfd505702b37ae9b626952eb2dd736d9045876417,1
"('0x32549e410864e9d9d1d4407a8bb1957da58ec653e19a4c237d9de3ddb062d11b', 70)",0x5c301f1afa909c528c8619cde8d2ea78e8657c60,1
"('0x16154b377bcf2ed09c0ec12b643f6977879d21bfc724f8227d7f25e0307da08e', 44)",0xb37a69c4f4eb82af5ccba06ae2bd9fafb8940077,1
"('0x6b9145f0c1d6ded4a5ade3ed4b75dfe31d5178b1b50151d990a93d4d737516f2', 66)",0x9687ec962a3a3f72e2c3b7604c31ccc7d1eec84a,1
"('0x68700e02f6fa6b7e425c218ca56619f1210701c037d587726fcab3081b85f751', 20)",0xfd505702b37ae9b626952eb2dd736d9045876417,1
"('0xd1b4365dccf22143fd677e928dfc471c466831264a98f70316a0b674c088d0bd', 74)",0xdbf9aa9397cb904c82375589faa4f9010936f3b9,1
"('0x4ad1ebf596ce4806fa336a8070386219c7ea33a9633422201a8e474148c8b9cd', 61)",0x3c34de76ec06d7764dd62967f634e5f531a409d7,1
"('0x00124392c51976a7718d7f371d17b548d40f90faf54dabfed8125beef4915446', 125)",0x85dcddc969838f912fc36be7f7ee2fc5c8e1cc97,1
"('0x86c88f32c8414dad4619801bd0e956217fb556365631a76c87f7ae9a2fe283ba', 27)",0xb3737e47a4648111e42caeea33856e4da9d73ec0,1
"('0x55a81651002d6a5c7979d73a87fe13dca983f4f19990bf901df22a59d508f76a', 155)",0x49236ce2eb4b67618513b37f09c101183e7367f6,1
"('0x77834b31196817b256239cd9bca41e1fa89b740b4f18d743747169b1394e215f', 10)",0x9687ec962a3a3f72e2c3b7604c31ccc7d1eec84a,1
"('0xceeb14ec7d2ef247ec58c9877ade2f26c00222225ae10c679621d8c6c171743f', 3)",0xfd505702b37ae9b626952eb2dd736d9045876417,1
"('0x585c78e59465b32260354509de35930877fcbcaf241484ff42960dd78f1d32cf', 23)",0x0edda1a161578031058e606826f430be850e4804,1
"('0xb74292f06ce2afe9be89c09277dd036fdccd74107190bbf8dfe67787d11ba67e', 132)",0x3c34de76ec06d7764dd62967f634e5f531a409d7,1
"('0x4a4be3430b5443a52c1b52770b0645b692f5ff162cff7502dc8dd2dd8692fdfd', 100)",0x3c34de76ec06d7764dd62967f634e5f531a409d7,1
"('0xa00fbd07d087564481ecad599ce66255d0144a2a575b32865d839a9761635d61', 122)",0x60fd38f02c911aa1e3cbfdc5652f30927f0f3f77,1
"('0xdf3efea738306de35e2817ca0edb59f3053591b381f926e815c8de94e21ae8b8', 4)",0x3c34de76ec06d7764dd62967f634e5f531a409d7,1
"('0x85e0489abf6561a04985d361f5e03be5136922794359ff2ceda9c23418f6211b', 57)",0xb37a69c4f4eb82af5ccba06ae2bd9fafb8940077,1
"('0xf6224582146a8dba2c1d3d93d602ca429974f91f71a601e08939b4ffef687161', 130)",0x60fd38f02c911aa1e3cbfdc5652f30927f0f3f77,1
"('0xe237a244ea067a1525919c4188a45f04eaa5bd714898921a6bbbaddb0075e11d', 14)",0x9702bec6668a94619a9c3cfef0e220512fbeefbd,1
"('0x000dd6876eabbc87e17d8fd4b2a878f9c974aba583badff1747a29ddaf6bd5c4', 60)",0x6219089059308928ef44ed751f85d1bfca1ac57c,1
"('0xdd3df0e1c12237f055fb031126e6f7cffa72d422cbf1a411417e3fd927289a91', 100)",0xf2dbfb42722100af12a5789861d99312103a304d,1
"('0x558d0bd3814f1f8e31861b3b42d1cde8be37f01030338b62ed90ebc814bc788e', 30)",0xa3d25f38ad3fbdb810b82dbc995f01fdaac5fc82,1
"('0xd48c0eccf4837681118661ef9bc21f4acbe08bd669deb4ff61d946b14225dba2', 100)",0x239d080eb7f64a5ed142e4f0aade1aa44a869f29,1
"('0x1c333b6d93ad13628261c36c287335557409e7f01485a2af669e4ddfb6923dd4', 83)",0xb37a69c4f4eb82af5ccba06ae2bd9fafb8940077,1
"('0xde73ebff3486678a88f2125ec3804ddda4e3614ecd488dd97257d5c788ed2746', 35)",0x9702bec6668a94619a9c3cfef0e220512fbeefbd,1
"('0x20cccc56da57273bfc765457a05a75019e9566e0b9cf0a3c75c996aedd3bca26', 16)",0x9702bec6668a94619a9c3cfef0e220512fbeefbd,1
"('0xed7f8f7bfe714f975bf4be16baabeac8a2c6e19319894b8076639c60dd9e63b2', 31)",0x4995677208dccd1605c83865515dd61c1461e9de,1
"('0x8125cebb2918764633ee058c1dff1493b6d6cf487efb3348113b6affc4c0f568', 35)",0x3c34de76ec06d7764dd62967f634e5f531a409d7,1
"('0x943898423538f6044d73b9ff2e7652d6c77ccfd9024bf7e9a17b80395ec94da2', 12)",0x3c34de76ec06d7764dd62967f634e5f531a409d7,1
"('0xbe55cf09cabad233077909974bd0bca33c7b0fdddc0fcb2ebd0a339b1b0a319b', 9)",0x9702bec6668a94619a9c3cfef0e220512fbeefbd,1
"('0x7695ab0fb2b2b417a018bc7fc34a2040f281480c0d0690c79779eb26c80ac6b4', 431)",0x528d7be22a51695973edb29a7829d438abd4737a,1
"('0x58e123019d2899cd339049f787126c15716b7c1f770473d362eaf2439ddd9dba', 66)",0x386f4de215a8372c6b064499a5ce73b06b89dad6,1
"('0x2fe57b0e901036ea48ee9dc82d0b611acf9087ee9bbf0b8f8050ad2020bf287d', 50)",0x6219089059308928ef44ed751f85d1bfca1ac57c,1
"('0xac7ad506c2c751b065bf7428b69f689f5b310ee45d6c1251fe3f7f9a7a872ee0', 1)",0x62164eafbbca3601fc5597b2c881319d8f961488,1
"('0xa2447f336c6385869cb194da71e0d9bae6ef4200124a646c718f5ad78f6a6a14', 73)",0xfd505702b37ae9b626952eb2dd736d9045876417,1
"('0xeb74b3846e8e4df8196640bb789bae599a2a11554b9bf9e8e2c918449d3c150e', 58)",0xde8498502f6812fa5c99f177510371d756e65c84,1
"('0x699d1812bdc133f075708d6f4ff90fb682ab3c9697d1f9540e1a5fe80c0dd6a1', 101)",0x3c34de76ec06d7764dd62967f634e5f531a409d7,1
"('0xa408ee400ffcecaa00265c7e495d494e9b8d8ef2a03166b9e663eef64fa73581', 308)",0x5e809a85aa182a9921edd10a4163745bb3e36284,1
"('0x7c8981867c4e7223e3af48cf8a91887a663f661f74fc3e626424118109be36bf', 145)",0x3c34de76ec06d7764dd62967f634e5f531a409d7,1
"('0xf2bf073e34ccfc0d3710cb77f7a77eba7b5a4d9e50a23e82c2bf077905c96b09', 39)",0xb37a69c4f4eb82af5ccba06ae2bd9fafb8940077,1
"('0x387eae8de4f1d9289ed5c53d80d3c24932ca01f86a8db7bad5ecbebad8a36f42', 53)",0x5406dcd11e4563d4e32f285df56dc9d382b16e2a,1
"('0xe0d0d10e195c6750f4fdda8aeff1fcab83771929b82576a698105b447ba3e6b1', 18)",0x9687ec962a3a3f72e2c3b7604c31ccc7d1eec84a,1
"('0x9f8c0d6bacf4fde063a7ba79653b0a9720036eb29196407a00b089816895d8ed', 30)",0xfd505702b37ae9b626952eb2dd736d9045876417,1
"('0x71c6010c3b8c01f3212927cd4bd623b3c2720e8c9fab5d5dd4e13cacf224178a', 32)",0x19167fd3f64303e7d71ad224dac7e38c2fb226a5,1
"('0xd0827f40a05702e855aaab645e6f203cee6c5db3f5bea65a01c3da0d7a08ea78', 41)",0xeadfab9ddf6d661ed173485ffcbff8acee94863c,1
"('0x0d6120cca6cc78d7b7712d9d0beb60a4376da8d608acd355c15506618b12ab3e', 2)",0xc751bec89921c36feb8ff118e60fcd538c0d6d55,1
"('0x5f9177c4598d104673434760a0405fd75a014f810b17b0774d3bd95850451e51', 41)",0xb379dd027643e23df9762a7dd011abf0c0df95f4,1
"('0x95d8169a595d3d74fe3a3e70598d9fcdd12b518241e69e7661a213a883b2be12', 144)",0x3c34de76ec06d7764dd62967f634e5f531a409d7,1
"('0x1a9dc5972a22ed4d05123d9cf7aeea564f72f46d30e90f3c0073e8d13c1b82ca', 78)",0x3c34de76ec06d7764dd62967f634e5f531a409d7,1
"('0x565872169b72aaa1bc5cf2843d5704e49de74a1fc8a0640057ce5f97dfdd277e', 86)",0xb37a69c4f4eb82af5ccba06ae2bd9fafb8940077,1
"('0xa11bca62e673ec26d94171a0cff6ec968b2a7e5a965a51d4509e29276dc7bcbf', 31)",0xc5d02c1733354f401a3f0a39f12d82588b5bc39c,1
"('0x2ffa8f757d4f4e20b836691f5cb29daf5c497b48976d519111241fd108449f07', 35)",0x60fd38f02c911aa1e3cbfdc5652f30927f0f3f77,1
"('0x36244a9c56575f1e4673083ae378fbbe7ae76d2ba13cb573691cb958d5c2c793', 85)",0x0468e2d7e1586e02510ae2255163067f29286759,1
"('0xf11d1d56f793b86ce98ca7e2a8ad78310e3dc67e9c16f796d41aeccc19e8b0f9', 25)",0x60fd38f02c911aa1e3cbfdc5652f30927f0f3f77,1
"('0x1beb4884f21d421cf526b8d803551cc054cdfda86476edf5ebf3a3c716c29b5b', 65)",0x62164eafbbca3601fc5597b2c881319d8f961488,1
"('0x9fac948f3f5e65ce4eccaec6f4b91640cba3e714faa164fe453b8e0fd080d3a9', 506)",0x5ba40c393ba0f6d0e89c8f95f3048befea2ceae1,1
"('0xc223070d2e63da57866a25be1423bcc8dadca50d116bc9482d7a2dd0e039d445', 68)",0x2da6dd9133ff4a9397b6618cb6bdba589da8ab07,1
"('0xbaaf24a053eb7878e8d51482b160abeddcd75f5f50c682320f60fee935a555ea', 3)",0x3c34de76ec06d7764dd62967f634e5f531a409d7,1
"('0x59dde8662b8c01a52762cfaf176c1a8b69d0d8a6480828d0727fcd5b84e8ddc4', 52)",0xd45b99c3c612a1c44c2446f945fa276d0da6ce5d,1
"('0x46dff16888486a613d84131723e13f6efbb51ead38b3b4b3005cbc9e4bcb0162', 41)",0xb6f9e4c6db0c4f3a7e8aff01077e601a7626409b,1
"('0x8d46d4b5700174fe89c47abb61723bb4c5474976b6f2a2c99cec73ec43f5bfae', 100)",0xc5a8ce04214722beb1279eac3c9c963bff5e770e,1
"('0xb6e3e6591eed5523cd71b0594e4fe6603522acfb0f19d5959f136c3c1a1c1c8d', 27)",0xb37a69c4f4eb82af5ccba06ae2bd9fafb8940077,1
"('0x71bf0aa8ea990dd345d6dbbfca627b0f4122471c94866ab3e2929553b39b4e7b', 61)",0xb3737e47a4648111e42caeea33856e4da9d73ec0,1
"('0x0351eb1a877f933d62e87dcb76eaf7767d276a5e076aa62dc17ebcc9aa84f15b', 94)",0x62164eafbbca3601fc5597b2c881319d8f961488,1
"('0x48c132c0754b8cb7d2d87589c0750ed7fe3e5b4d0e3589d01729c9f83350a3f0', 53)",0x3c34de76ec06d7764dd62967f634e5f531a409d7,1
"('0xda32b3c11a3ad7f724234d12dc3f242c196079dd2ecc4bf2594cb30516d91320', 47)",0xd92144d6bf421aa038f872545aaf07b4328db279,1
"('0x113e72b7dae1863a456e67b9316d3c1b5817679a7cc90f3b585ff90ef36f14a6', 164)",0xf75cb10b767fd5a46dfa7b6a2c79fd1bdf009ac2,1
"('0x31e818993d7a7b8f38ca4ee4fbafc666966659c4cc525d01edd1473866f3dbed', 25)",0x6992a823f0b340b0b67a7e72cb3e0bbdf3412da3,1
"('0x867dba72c4a95aee252c33a0a7348edab9ca5461a0a481104a590d175eb7e5c4', 51)",0xfd505702b37ae9b626952eb2dd736d9045876417,1
"('0x92b3017aa21e0e9aa27fae9cb33f8ee40793e1adec38a0a59185e744279649fe', 79)",0x1b4ebacffa2c27af80aedebccd379babc1324582,1
"('0xa643ac04331f2025cd048a52416d8d97aaa31846a8d0aff169f6e9c0baf50a44', 58)",0x000e16e308a49c909b4195eeb18c9aebf8b8b4e6,1
"('0x3c3d3a13152cc04e48ad7b1ba09d4dd374731b23374be0ffc9afa36993fa38a4', 32)",0x3c34de76ec06d7764dd62967f634e5f531a409d7,1
"('0x9667c6bd78cd0e4290c43829519be4a35a0de5e6d545b2cdffac931d6589338c', 31)",0xb37a69c4f4eb82af5ccba06ae2bd9fafb8940077,1
"('0xb2d1e7fcf71ca1dfd27a540f0f1c5d7c1a2d2a9c0b15c789f75a3400dfd4f915', 66)",0x60fd38f02c911aa1e3cbfdc5652f30927f0f3f77,1
"('0x159685f37a752655a1b732ffec6ff0b4fae1db1e5359ec6b5ce40beb9cac5e18', 75)",0x3c34de76ec06d7764dd62967f634e5f531a409d7,1
"('0xc963031b3049d43866f68a726b90b8431eb8c553783d68861d8d9c32774d04bc', 158)",0x33b5e2e4df03368860a41bd2794eb5cce24eadc3,1
"('0xa531a2afa44644915acb7047f43b0a639c14797efa303e589b1036c53a593c2e', 14)",0x000000000000000000000000000000000000dead,1
"('0xef2f95ac16205f90b3cebcd36a0df3aa8685d07472dfab35d786b0e5b0a9abb3', 68)",0xb37a69c4f4eb82af5ccba06ae2bd9fafb8940077,1
"('0x1daec5a57b6bd03c2a001f2d25dede862b3214b7e8476f9cd7de3d1678db7d72', 42)",0xb37a69c4f4eb82af5ccba06ae2bd9fafb8940077,1
"('0x67522df7d9dddc995c353eb28b95d7773609c0366b44c92d7d2b76c637be0ca3', 37)",0x60fd38f02c911aa1e3cbfdc5652f30927f0f3f77,1
"('0xb5ecd37fd51990ab534ec82a7ee6ff25ad65dce5195f5fc4ed4256c091092ceb', 126)",0xc967a73e005a5da5f3dbb7f8167434b6d9adf2ce,1
"('0xc53e5284c2dd0c58ce554b96dca030b6e4c19065147a197a9e25d5c11c2ae07d', 27)",0xb37a69c4f4eb82af5ccba06ae2bd9fafb8940077,1
"('0x5dbc441edaad537d8f0cc4fb81c9314fda7beba35652a8e5ede4817edbc5be3d', 77)",0x639f1cf4ff2b04520b449bd4b2f1e48c7dfb5100,1
"('0xf41ea1ef3f52fc810b917dc9a9d8d6b1378deb360b9410b836bb1146cfb2d4e9', 45)",0xfadfa72be42f616edcc28797480337a996d67681,1
"('0x1554aecaa124e63208b5290922e9d7aa557ed1a67d864c0a55398b166fc508e7', 117)",0x4b6f8a345e21baf1cb5bca016521c3ab48ab2dd6,1
"('0xe573914c6cf8458934262dd3429196fddebbfb4a99b74c76525231f919da8de1', 14)",0x1c5f0998d5ad15275d54a9fdbfaa7bf0e856102c,1
"('0xbc302a5b54bf67eaa0bbc64080ed530e679744156a5839487d7b61103cb9b05d', 42)",0x8918760945ad8499d5de361f17b839686080d67e,1
"('0x672784c465b34c151b93db1f9d5322b0dfa0daefe118b30486891d82915d73da', 24)",0x95cd6edf45ff4c59078a03d74d13b92b8796bc81,1
"('0xf66d2e86804db755109acb7f5f6106d0b5e409d62228dac8b838fa2ab0756941', 10)",0x3c34de76ec06d7764dd62967f634e5f531a409d7,1
"('0x3ae4207289b7c4d2713f41e53912426ce31ed7c7fbc521ad110fc0beb978f467', 52)",0x2ce1100a3fb52e2ba6f19ad883ee641bebbd1158,1
"('0xe232d37ac2a0c9678cd9c6a184ba8740b48e5068e398c43403cb287b5e6000bc', 17)",0xfed23da74a8b7387176869a7e32342cb646c1fec,1
"('0x16bb969e805dba8e02c03dae59b8887ca80e530800d4362ea8c770413a645a38', 37)",0x3c34de76ec06d7764dd62967f634e5f531a409d7,1
"('0xbe6358d8008b519a2a8f9ae6bb178ff8b7ccdd5232b679123c6b3c0bf2cb99aa', 58)",0xc4e893b0794d6e269031f4611366612f8e234e10,1
"('0x886bc612066c848f9fecce5ecc1b18c7c9d049b1e9b5047c9343377614b89f58', 11)",0x0fcb38e347c5b0c29194b257e07c75a860defed4,1
"('0x8206ac926c170fcfec0c23632763d34b258c5af3c4333ff56bd438a264c1c60b', 45)",0x60fd38f02c911aa1e3cbfdc5652f30927f0f3f77,1
"('0xa93d5e082c9bf5f7eda4aec27955495dc3671283c24a05e2926ae1751eb1ff7f', 33)",0x3c34de76ec06d7764dd62967f634e5f531a409d7,1
"('0xe65317bf3be006ef573bf6f705069c11df9a57d68c350f93929fd0e42334a88d', 59)",0x17a48ce80a7f7f3f774390179b1a404ce9c9a77e,1
"('0x25ff27a35a13df75d010ac472c89288fb366db4ca78709a35c61b4db4b856351', 34)",0xd670c6874347b5c905903985799ad03963b72de8,1
"('0x9ea90d9723c5e8f346b9ee9b4aee559d01bff677eadb6302ad36f13fddee89b4', 42)",0x60fd38f02c911aa1e3cbfdc5652f30927f0f3f77,1
"('0x5e18debb000f1963668b40da65ad070c2f0e6ec681192f8886d562be3c4b5c77', 162)",0x6219089059308928ef44ed751f85d1bfca1ac57c,1
"('0xf58ef8f62493909af40daec97546d391ff210a804bc9244e0b8fa3f744ece816', 36)",0xb37a69c4f4eb82af5ccba06ae2bd9fafb8940077,1
"('0x37ada79eb3c98e9c03eede74a5ce71e47157cdbd4e4a16a4dcbd6646f74a8ab6', 86)",0x0fcb38e347c5b0c29194b257e07c75a860defed4,1
"('0x34c305cd157ee977a00f79bd04aee640b4f63356fd4419161b333507081b58f3', 10)",0xb37a69c4f4eb82af5ccba06ae2bd9fafb8940077,1
"('0x78c09f8a3dde7de3eb44f442acb3b9f74d919d8c09b07926e9a5d03b44b1b212', 49)",0x60fd38f02c911aa1e3cbfdc5652f30927f0f3f77,1
"('0xac0aa5c8103c98c49f3153daf57ca71a7b7bef98f3cf2328d754ec0478229fc0', 111)",0x4995677208dccd1605c83865515dd61c1461e9de,1
"('0x37e2c91d58b3cdf37cc3864f518ae601f0f5078dbe956142ddaaf67c89407ae0', 5)",0x3c34de76ec06d7764dd62967f634e5f531a409d7,1
"('0x1f4e0a6398c0d623c40729c4766c6f616e39a69a8948f06b0bfb179d365fbf6e', 45)",0x99ac1cd75308132114187f0061ffc0000190a74b,1
"('0xdd01f32962a682d58dcca4e24616cd72d46ea55df7092bbab93561464dbe5b0a', 332)",0x071e73cbd20bf956e28d5bd5f51b0dacce0b1b73,1
"('0x02dff45cecca62a8117bbeeec2ae5c5df8d7e203abe223260cb5f5e4507eba87', 26)",0xd409e93b3c2aaeac8b551c561bda2a9f8c89864b,1
"('0x4ea12bfbb30c25e4661661a34bef4eef6e0810ff1fd08502c6a41c93e5e8252c', 3)",0x505de48f0543a5dc9b28662e4bc979a19f8993aa,1
"('0x9222190b7765888cee906c12f54f04c731e071467bc5d25b964ce9b647d6a6bf', 41)",0x6219f06135b79705d34f5261852e9f6b98821e1f,1
"('0xb7344837d88d9b93ea821a8263cec75e5b6402a069cc651c6e7544949b2153e2', 25)",0xb37a69c4f4eb82af5ccba06ae2bd9fafb8940077,1
"('0xed1aded83400da4af7069cf026925073a2d96a236611972eb2e396ae1b378c82', 60)",0xbc69ef0553c9e377218ec4a24afec9ff7a5126ef,1
"('0xb62c7ed0adc58320d10f936876ab4f19a85643253c62c76b2e53ac0745e75458', 10)",0xb3758f605b5e36f3540c0994ce590d5247a124cb,1
"('0x8bc18761fe132a7650cee1b9095909bdafbdc04950abb90bdefd2a3cb3646fe5', 8)",0x19167fd3f64303e7d71ad224dac7e38c2fb226a5,1
"('0xe3ceffba3d4039fe71275eb627c12eb64d0efa7de49887ad2204300aa741e5bb', 46)",0xb37a69c4f4eb82af5ccba06ae2bd9fafb8940077,1
"('0x2292463c8b90d654e9a4e78b9f58bf82c6f84e5d11a233201a207984d9400a9c', 99)",0x9687ec962a3a3f72e2c3b7604c31ccc7d1eec84a,1
"('0xe0ef964103c723cb0cc798c3119fa3134c6ccea9b78deadb32acebdd7334cddf', 19)",0x6d93e7be68707dfc182052a511c5c2aa35198162,1
"('0x3650a1fa0ccfa4e22c40d9befe5ab16ee3d7145ce8b495c17115b03ac0b3277b', 20)",0x9687ec962a3a3f72e2c3b7604c31ccc7d1eec84a,1
"('0x33d034b82d7fd5e0f706d43ba3a78a3e739161846041e8159aff5704a320e4a1', 131)",0x8180c52509db6cc864c649afb66472bf8ab87cbe,1
"('0xf890e1f8f47c3893fb43e55c11f14131a349eb37fb5a8fef6df11b3768b62b40', 41)",0x60fd38f02c911aa1e3cbfdc5652f30927f0f3f77,1
"('0x810d195c8c6963cd5a0ca3270855a2fa29882c9c1e5c50e98e05c7b5685d0153', 36)",0x0cf47073093ec2f3c28f7b2a03a9fc345d6af678,1
"('0x58f2b54399c6705c81d1a57c40d775218587b3b08dffc371747166806364ce75', 38)",0xbfcc8c4546e1dbf308119d4f81943aff6c752246,1
"('0x63f4e7760f0bc69f0ab334bfa375b7790d0da96ad7041e1995e1689df11a2a9e', 472)",0x48c880a803f5c83d606e5b30754a903cddf03e1c,1
"('0x8f4e0b245dea866bd39774f2fe768c05613128c7caba6a2f73f062e8e2401659', 11)",0x49236ce2eb4b67618513b37f09c101183e7367f6,1
"('0x3e3a3ce9ef0eeeb8a2ae740e82ffaa2bf38a9c59b079db8ea4d9e12022d65228', 48)",0xb37a69c4f4eb82af5ccba06ae2bd9fafb8940077,1
"('0x5a55d636c023e69d829007f73a744a9d649c9dd0e5f3bcdfe317b323ee3d0afd', 76)",0x6a3f6d4de1f891e776ac0a1e57d46bbba3b0cada,1
"('0xb46fcdeffd8ce670c4d35152f622cb2ce3599b63d5a8219dd46d4af3a20b96c4', 14)",0xb37a69c4f4eb82af5ccba06ae2bd9fafb8940077,1
"('0x7aa03dc0a2594d6c25eedc8804c7bbf7fc77834565f34789dea1bb0da6c6beb4', 69)",0x3c34de76ec06d7764dd62967f634e5f531a409d7,1
"('0x7f944613aea0d4789d8f1dbe69e65baea625969eced4cd4b8090e92367296cf9', 97)",0x62164eafbbca3601fc5597b2c881319d8f961488,1
"('0xfb1a262a52fb9a8abd872428288957241b51b195014d44bea3b4d4a1ff7d4da3', 59)",0x5ba40c393ba0f6d0e89c8f95f3048befea2ceae1,1
"('0xb02eeb63b467c1c1cd16b2ffc8e46af11f7be2858f5f44a49134e87b03d2eb06', 1)",0x9687ec962a3a3f72e2c3b7604c31ccc7d1eec84a,1
"('0x6e2b8fe1c5f340bfe8a675f5763c350c9dd307d0c633e053c494083b1a6fc34d', 19)",0x04e9db37d8ea0760072e1ace3f2a219988fdac29,1
"('0x08a543cc3ed4730526addb3e34013a0ca838f2f41e98668fed6b5275c3687fba', 59)",0xb37a69c4f4eb82af5ccba06ae2bd9fafb8940077,1
"('0x26525c707244468b61a95e3de1f9becb5f0856399e2c6069e0043a6089874d36', 4)",0x3c34de76ec06d7764dd62967f634e5f531a409d7,1
"('0x4d61f4284cb1dbb6fc398fd85cbdfca48a6a3da095505025b627fe64735ac6a0', 84)",0x1b2007a3f0c7943d7eff5df99004053d786c0be0,1
"('0x72a92fde349f6d38fe5de16d356175e53124bf298dbbeda5c9915bec438d9568', 123)",0x9687ec962a3a3f72e2c3b7604c31ccc7d1eec84a,1
"('0x6464adcf5c69f69ca4eba26383c9db172063a84903dfb03bdacbcb6db077e976', 120)",0x19167fd3f64303e7d71ad224dac7e38c2fb226a5,1
"('0xb6f4a6b7ba7fa0515f28ef0e681652d82bde96b5cb26ecbf13dc576ad48a28d9', 40)",0xb6dcaf4b74bd79c86b67997a1bc893eb7f4134aa,1
"('0x2cd9af9c1afefcbf5161819ee9f7e8b9ffa451097fd4385979e74f2439ee7b94', 10)",0xb37062bd48eaa3d9343634328b115e0184ca877e,1
"('0x8a937484f881058116aecca7d1ae8e337034e01edf7c27e1d45f4dbb1b069d30', 138)",0x6a9c87150952937dc4b3923ce7b5c28f0c1e5e01,1
"('0xfc9ddd3a32e5d572e0a6f781d166fe813baefefce69c108624d00bf3046ffd2e', 139)",0x17a48ce80a7f7f3f774390179b1a404ce9c9a77e,1
"('0x8b8b7ae8f5debe57e133c44ee543b14ad96ad247ebb5933d967043075141d41e', 156)",0x62164eafbbca3601fc5597b2c881319d8f961488,1
"('0xfb9af9cc5ae4d0e183e7c745f7683f110efe98df4b741e689fb030335c53d0a9', 55)",0x62164eafbbca3601fc5597b2c881319d8f961488,1
"('0xc7e6a7b133c1c7855ec9d23df82441348c2d638959648bc1be1aedcc2b603f84', 127)",0xc5db68f30d21cbe0c9eac7be5ea83468d69297e6,1
"('0xc178a8fc3aa82d4bb9b6b3cc188f5a79d261b73e335d8bf956cdb3d5ff68b8b5', 53)",0x4995677208dccd1605c83865515dd61c1461e9de,1
"('0x225eb189020c7e4a9de2b2a919377de676501c3c1d5718c15b75f7383a901f7e', 28)",0x1ce34e8040d80f4aa106eec39d012ea64b1ca0f1,1
"('0x3c80e36be126c874ad7c83a8ddfe149ec13cd147660bf86807f1803102594af1', 1)",0x19167fd3f64303e7d71ad224dac7e38c2fb226a5,1
"('0xd1002b6b126ce9b6ab9ad172594199878ec44da42d4993584e129a8d0c180105', 27)",0x6219f06135b79705d34f5261852e9f6b98821e1f,1
"('0x70a18b96084eb5f6748f8b39e17388582af9348e6d5f8fc69c3bf3dd889fe80e', 31)",0xc7bfff28ef7f8228c3fe41b74a96b1423a724051,1
"('0xb31359a06296d58cbfc5f3e4b72e3e086abfddd832a797d7860903a9d90f6ce8', 53)",0xc47b19c418809b8ffb2766b9bb18bf9153117497,1
"('0x09af8cf1006a2e15c7d1600a4d66da131f1ec4a96a6af15e815ab25eae0725df', 46)",0x3c34de76ec06d7764dd62967f634e5f531a409d7,1
"('0x09b3d271f0d95672c7b124be9222f432d9abca7a65816b7bf0587e645233ab93', 84)",0x3c34de76ec06d7764dd62967f634e5f531a409d7,1
"('0x347b99d654a96a8a9a2c1acaee95253011859a11d6b8210a62073a447484e76f', 61)",0x9907194e19474f9def21f14b5b60f7c33a8a7774,1
"('0xfa75ebee06f90a0a27c2680ff0d280935bbdf81cc1cfad5a53c3ca80e6fc34fa', 32)",0x3c34de76ec06d7764dd62967f634e5f531a409d7,1
"('0x4d04231506f5ad91a4d99d7bf4c22701238dcb69198303aac78aec8c54dd1b18', 99)",0xf66443124c7e50b1f104f31aab3db619c1e2dc61,1
"('0x8b56d574d44f9c248ebb6a08dc610e3d2507bccdbed82b1dd616f03ccbc59b01', 70)",0xd35e27743739be4ec9039cb3e90c2c1fb5a3f809,1
"('0x5eab5dbf1c73a501e7d9d8a68c2a7e51821b65f8de2aef737eb89a10a50ae439', 67)",0x95cf9fc5357e28e39a63740fa00fd69e540edf5b,1
"('0x7c5d739bc3a6c7341eff827833af8299660010fceda882fb7d19a352cd083b05', 106)",0x3c34de76ec06d7764dd62967f634e5f531a409d7,1
"('0x137d9ec2efec9c85fb668c060b784c4b04340214984485cd5f809e52b86fc3ef', 230)",0xb3764f5813293840124e4ac1ba48fbb48f834b4c,1
"('0x22a424bb7a5ae94d0f4c16f26babe6639fcce0fb1ecb4497b3abdd709759c900', 48)",0xb6f9e4c6db0c4f3a7e8aff01077e601a7626409b,1
"('0xaef9d7a19a3256e941c2501e6b16a1ff731c1b53d7dd9b673778dc5429fe863f', 40)",0x3c34de76ec06d7764dd62967f634e5f531a409d7,1
"('0xa05783e2ba009522e58102b91149d22a3932734ff2f48327e83ca3cb2edb58df', 30)",0x9687ec962a3a3f72e2c3b7604c31ccc7d1eec84a,1
"('0x5a90dd019a7b0d4a35a71864bbcd6ed35f991be9aba4fabe15774d9ed09fac7f', 9)",0x0000000000000000000000000000000000000055,1
"('0xeade3a30d636cab522fedf1d4c318ce7ad5927e6c97c4dd3de939ee523893072', 23)",0x0cf47073093ec2f3c28f7b2a03a9fc345d6af678,1
"('0x53c213884c1212eea65a092c0edaacf001a804bd4a2b51b4d8c08a10b3cb2fc1', 26)",0x50d30c9692d58f13638ac9e23f488f52749726c1,1
"('0x9338c11ec04dd05f03b155bcf28ab98ce0bd8ec988b6b29619dfa9950b567927', 22)",0x0000002c0d71e57845134cf38a402abfc580a72d,1
"('0x1e45a1dd4d2a42fba57594ca626e4c6eefe001dec812be59a19fbbad909c1de3', 29)",0x1f033ca633c81ebeee968f6935f1031a8d58e209,1
"('0xc013ebafb6641c2ce527dc8c771721084d4d02a4cdfddc21dfcf2db0261c0522', 21)",0x720d07c87123c203300e3d06454cc52642e3db21,1
"('0x9c18c753ab4223fd21ac7d430885b75122a67cb03c53cfdf0ddfab6fa7c4838e', 50)",0xb37a69c4f4eb82af5ccba06ae2bd9fafb8940077,1
"('0x3f88a163a03266279e26a30aaf8c2f83f01e022222725d83c3772475d60acbc8', 29)",0x3c34de76ec06d7764dd62967f634e5f531a409d7,1
"('0x2811429b5c067d4ca3318e2065d56e89e74b6920d3603d554fd775173bebd4d8', 19)",0xc05aa471f3bf88c940812d17a7630f620f003778,1
"('0x7d09359f0b6e817baeaadfd4425d1f7ee6d70a399d68c0b4e9132cd3eb49f638', 86)",0xb37495d5acd16a0cb9625503f0fee6f72feefd5a,1
"('0x790cda7d0c1607631879f111b4086b61659477d69298991d8269f940fc110ae2', 10)",0xb37a69c4f4eb82af5ccba06ae2bd9fafb8940077,1
"('0xa999be4df4e5e45188527a86ca0d29764237f83f5200518ff801c68560c19081', 16)",0xfd505702b37ae9b626952eb2dd736d9045876417,1
"('0x92e5ecb6add230f924d2de379f41788a9ef5b3705d382e406232cd3007273ce6', 18)",0x60fd38f02c911aa1e3cbfdc5652f30927f0f3f77,1
"('0xcde0a82e76f0b0bee73295c67bcbb38eda3a73ca6a80db72603727e5729b4c43', 16)",0xb37a69c4f4eb82af5ccba06ae2bd9fafb8940077,1
"('0x44a690a8100b747d4f814f2922661a0c35337372446098ea20d5aa9c498c3465', 21)",0x3c34de76ec06d7764dd62967f634e5f531a409d7,1
"('0x608e6bd6e5c2aabb9291e9145d154ef2633c4df539c2e064b0464137a3747b33', 23)",0xd08dae1154f824e091be810e4b76190a4e827b4c,1
"('0x737346da7fd505a99ce5a899cbd3bb15b0a86c733456177f600508dcdd7683cc', 55)",0x42ed123eb5266a5b8e2b54b2c76180ccf5e72fee,1
"('0xfe8f77f61ecb04196b4fdee9ae13f4fadac8455ace72c8bd521b65e7cb472262', 19)",0xb3737e47a4648111e42caeea33856e4da9d73ec0,1
"('0xe58087b885cfb088c337f42769aaf73f8b31d46fdccb6a31e174acaecff2c936', 20)",0x528d7be22a51695973edb29a7829d438abd4737a,1
"('0x6661ca84306a7cc1b2da7cb4d867b41d06d69e4a0c49d3e1647dc9b33f0cecd4', 34)",0x1181d7be04d80a8ae096641ee1a87f7d557c6aeb,1
"('0x87df01cfeb8e541b9ab6c26623938b2ad602a86e4ec33664f7c8fcd23656fadc', 23)",0x60fd38f02c911aa1e3cbfdc5652f30927f0f3f77,1
"('0xe4089e79600ef06764ac48f3bad50695dfcffcfb9811fd8ee65f1780c560068c', 104)",0xb37a69c4f4eb82af5ccba06ae2bd9fafb8940077,1
"('0xbced6526b52d6f535b9c1a20bb77260f8f890879a6cc1e5267c0f22052c84d87', 10)",0xb37a69c4f4eb82af5ccba06ae2bd9fafb8940077,1
"('0x720f848a6942313acaf4293d7b5a8121910937de6f3423da026dac4a101e45c6', 20)",0x3c34de76ec06d7764dd62967f634e5f531a409d7,1
"('0x3735216eedebadd7aea1e29c17e8cea3c97464f62b1c1c375041a38f55c421f3', 89)",0x3c34de76ec06d7764dd62967f634e5f531a409d7,1
"('0x46d4dcddeb6098ddaa13183540fca4da5a2fd388e0e113cfc889f0ff5cd0a08f', 1)",0x9687ec962a3a3f72e2c3b7604c31ccc7d1eec84a,1
"('0xcf43ddb684bf4d5317cb95babea8aad4f1bc5f5c50c4f3d589bf1db9f2d080c9', 11)",0x9687ec962a3a3f72e2c3b7604c31ccc7d1eec84a,1
"('0xa9e70ab6fd39097d7bd9f52dd6c4fbd05d4feba190704cc2a5f968eccc8dd1ea', 79)",0x000002c34bae6dd7bec72acba6aaac1e01a359de,1
"('0xad46567cf6267abc457fc1ccf59d9a2a120707d059917f00df476b56cf77a0db', 134)",0xdd24665ed047f427164cef50328828d0e5b0e083,1
"('0xddc18ef2b23d249aec330bf624e7408fc9e09ac077bdfe23849662ba41b2c508', 20)",0xbbc681930ced806600da00cfaf73c127d12c4d5b,1
"('0x5c8a7208cede17ba076629d58964d648e3e51539e71bb49bbf6e7c24df33df3d', 14)",0x3c34de76ec06d7764dd62967f634e5f531a409d7,1
"('0xc98906571ff45d14b37860a27b152438d1662d56c54320ea1ef6f06f80a19922', 33)",0xfd505702b37ae9b626952eb2dd736d9045876417,1
"('0x533c10fcf6fd3a26fcf0248606c5851c819f293aff4fad119ecbae348796fefa', 22)",0x9687ec962a3a3f72e2c3b7604c31ccc7d1eec84a,1
"('0x9041657a4ab3a13db00ce24cdba5429201bf6798aadb4b680e47550947a2efad', 117)",0x0a5c9134592bdaec389d7675709c7237977a72ee,1
"('0xbd919556ecdf11d9a7cb3ec7d3fb89b770a35117b37afd0d59a178f225604851', 93)",0xb3737e47a4648111e42caeea33856e4da9d73ec0,1
"('0x038e667c9a090912e77169552473b252d16894ff00c090680c4e2e7dd8590ac9', 28)",0x21b9aa2a575bc487bf26bf71e0186bfa71163267,1
"('0xbbbcc6453c4d8c819944136257679c38bd6e5e28d80dcf7b4b85e9eddce7fad9', 133)",0x2b395f391ae51367601e2034ba82897cb5d9046e,1
"('0x80e0e09691f100aa2606c66611944a6d987abb55994ce62f0b594b3ef12f97dc', 26)",0x1b14f20156ca4c41d8252bce2e3749eb98b03fbb,1
"('0x2feee540a57278f885dad5209060793e3c3ec671bb35cb3a3f2fc3d83a1bafe7', 78)",0x200382f14d9786a6359dee4a115671fdb5c70a38,1
"('0x572ef74ce96b61aee4292711b526d14297a7481d92c6e7537f8743c95ec52f2f', 89)",0xb79fcaedd584bc803351218984b73b511c0d5df0,1
"('0xedcd33f77ff07df72e8a15c5f6575626d17908c52997889a32a892c794cb713d', 70)",0xfd5de2e75cf1a5e4f3909d146ad5bc39c50a9cd5,1
"('0xa1d5b11e057e66c751f73fffe45d8ba45b06b825836532712037a4c8a2ba008a', 6)",0x6219089059308928ef44ed751f85d1bfca1ac57c,1
"('0x1f74add2de550da4d94307d256b6b60db20771971b399bc7dbb4a5bddd9db128', 56)",0x9687ec962a3a3f72e2c3b7604c31ccc7d1eec84a,1
"('0x74e4ede8cec83d019009d86c8de9b886dcbe159e1d58db906b828d25f3480abf', 33)",0xd5f51d20f5096105d385470d9fdf6d74d197e70b,1
"('0x2580dbb41a643fc5a51ac6719a73a08347fdf6882ddb4f8a4b981f84381ce204', 26)",0x3c34de76ec06d7764dd62967f634e5f531a409d7,1
"('0xd2988bfe6c2dc3842b531fe450945ff956fd80f954c9afc7c56683c9a54d7cac', 84)",0xb37a69c4f4eb82af5ccba06ae2bd9fafb8940077,1
"('0x8ee70be430a681bcd0121a2bd7013759f312c0b08ecced1ca7ad244b66f35e10', 12)",0xfd505702b37ae9b626952eb2dd736d9045876417,1
"('0x91a2caa96a6c5b608c2140048d0fbc8b45e68fc3d0df0ee419eaed1a9a72dab0', 65)",0xe0b015e54d54fc84a6cb9b666099c46ade9335ff,1
"('0xb1af3d121bc4b8411282ad03e3ac21cb1bd05e0fd92dcd46cdd0770707f71357', 47)",0x3c34de76ec06d7764dd62967f634e5f531a409d7,1
"('0x9edaa47f339cd3bf442b87c4b621b676a5d17f3c79467e91a44cd506e0ee1c28', 10)",0x60fd38f02c911aa1e3cbfdc5652f30927f0f3f77,1
"('0xb2a5daa35d75e2ccbaba4effc8f2c794a74f5e6eef90448e512d3dbac0cf7860', 209)",0xebf357764b02a64f8ba00ed4cf4a631af19b09b1,1
"('0x9a2859da96bdff029a846dd69f855a02719269a866c42306f7b0b16f9a9a8737', 88)",0x42ed123eb5266a5b8e2b54b2c76180ccf5e72fee,1
"('0xaf76ad8ef50d0a2a35d6bf23d01ffb2a9f47486a230d9062dc989a884784c049', 1)",0x9702bec6668a94619a9c3cfef0e220512fbeefbd,1
"('0xbf9b7a431ec37799bcc9fa8d0f369a8a379dcfc553fe452e6d53d524175eeed0', 3)",0x23fdd6487a17abb8360e8da8b1b370c94ee94cc2,1
"('0x2a36e9cd9d41c87b4b8e8dd0e743bb64b60a844db7b40adb003d5c9ea7c15893', 13)",0xf313166a5f4e6d81b400f67ea008496ee0717801,1
"('0x5b675358846222f1d58b7c721dcf34a2fc8a736f6c8697647333fb782b024860', 54)",0xb37a69c4f4eb82af5ccba06ae2bd9fafb8940077,1
"('0x5be24ab1f94e139f0f2e029170040ee4b0c954d831a11d3c4b66b34b25a6c512', 32)",0x60fd38f02c911aa1e3cbfdc5652f30927f0f3f77,1
"('0x37c0a3d70a8dc6991f6d1c1f8da165f92407f9728b9aff7638cf076e260c7dc9', 11)",0xfd505702b37ae9b626952eb2dd736d9045876417,1
"('0xb60b62863be4773a44e85a5cc2eacf1115475283f41306cbd5f634079a8651f7', 94)",0x1eed109caa5c1534618da2f902234f0b4894ecde,1
"('0xdf90be6bb1047522bf93b7075e1cd05410d52a9002eaa2a316722c990f8be548', 37)",0x9687ec962a3a3f72e2c3b7604c31ccc7d1eec84a,1
"('0x110e61314781147e7b0fce7c97f164f1a8f6348676510e6131495e4b94899c9d', 18)",0xfd505702b37ae9b626952eb2dd736d9045876417,1
"('0xe75cc244a6d847a1e25bcad9d5dbc9f554665e1cad57f2174b5ea508f4e5557f', 153)",0x60fd38f02c911aa1e3cbfdc5652f30927f0f3f77,1
"('0x72f4838ac12638f0a24720fa978fe11e148b5e48bc032461778be1d09933cf3f', 99)",0xf68c3aa7b445c64454423645122f16758a037f9d,1
"('0xc1ac66dc73c2012fc21153d2520c41516e8d9ce610e0bb681a6a013acd4b779f', 113)",0x4995677208dccd1605c83865515dd61c1461e9de,1
"('0x2fe8f1a6ff59c2c8702fc11276a5559b23e8f61ccfa732a1a98193d8df8741f8', 35)",0x9687ec962a3a3f72e2c3b7604c31ccc7d1eec84a,1
"('0x303e6894726545ea4f7390cf0a36851f3b5c9649767905871226d4f1c2899806', 97)",0x29b33709e67340dd1199f644fc62bf6d66db10f1,1
"('0x1a8719986db412dcd621f16f59c1a2e75b0d302b8c513d0a3fa38f28d004aa20', 34)",0x69dbb36503fc4be4466ef7e70735e3a876796a5c,1
"('0x987a67f3e1860fbb4806e830efe55110ec5d0e0822dd8dedc526724cee7aa792', 47)",0x19a711fa79e5a5aa06663b96a381e7018b87b474,1
"('0x179814344cad200c00fa14df7f7075c5a5f8dbedefe2d1d29bb8e1316df3b742', 140)",0xe4622a57ab8f4168b80015bba28fa70fb64fa246,1
"('0x95840b3df2e9b2178a4c773d8b32cc67f954ea1dccc080d33bfebdfc74cd6e12', 24)",0xe0b015e54d54fc84a6cb9b666099c46ade9335ff,1
"('0x38081e2c4fdf0587f9bccf98859b1f7945c6febf91059dcbca4e7c29095b0ad7', 18)",0xba9d8356f72ede554702c5d0ea3c48639b17f3e5,1
"('0x476f3d432b288b3dac29ff31d033511633fc777d2325cae5d94184b18497ab34', 26)",0x0250c1a92192654aa2e012f51b09f53212f466d9,1
"('0xb6a2fdbbe51f7cd54124c032bfa7078d085f4b8e0619da1ad30de09e6015e3ee', 18)",0x1b444a6e806940f429b79555fe578a1738f8a21e,1
"('0x842e525fa17663150729a0be843b3419e82b4b87ae21a98c9b741c179a7c6e5c', 96)",0x306ea7fcf990fab2e4b17ca63419b9d6715957f8,1
"('0x55d2e5b42f4e17c9d4abe09b4a39f6c919bacc087272973752b56a47c2c8107d', 58)",0xb6f9e4c6db0c4f3a7e8aff01077e601a7626409b,1
"('0xa2a28f0564ddf83b4a489ae9468af1d9f810117d59de714b57b8e44a91e7a307', 16)",0x91ffa05a26a58405c2386b2d5a73c0a190691131,1
"('0x030d5fc972138d411230d45bdc40701148b5761333b3af70d729094e7fcc661c', 94)",0x21ad5d955095305fc4e3208f49ae0cf830a906b1,1
"('0x7c252aa10e0d2a991b051a907f458a4b7a367226f2d455007ab00b532d7f8f36', 146)",0x6219089059308928ef44ed751f85d1bfca1ac57c,1
"('0x38aec6bd24d13ad1e01a5c6aaecf4b6e277c25b32bc57e832770ab0685b54e09', 13)",0xd728aa55579ddbe71af7d15e34466fee80555964,1
"('0x27c7d5d3ba28041c650c7f7e33f6ad82caac0bf5b31c09f0dbb0d4b1f7cae688', 118)",0x60fd38f02c911aa1e3cbfdc5652f30927f0f3f77,1
"('0x0f1719eb67cbd80c6abbf99f22a018f0b94f9a7ad22482ac62929429ac681b35', 64)",0x19167fd3f64303e7d71ad224dac7e38c2fb226a5,1
"('0xc96de2e5dceaca99e5caa83f50048b12439990909e3caa87db6d1c0b97e24d68', 33)",0xe4652dd4156d4bf3a70f5dcb445ae1fd6efe2073,1
"('0x8b9748624e695dc5b28db7b51a0c7950289b79c843cafd9fd4403944ba5aa708', 31)",0x377330e174414f04d34c5ef78fc48fea08fc0cc5,1
"('0x059e80d3e03c83335dc21f687cfe45334ae500ffa2507bb8ce154cd48033eed7', 105)",0xff6a0969b8391a6c88ffc87d157b6aca0fd06fcb,1
"('0x6ffebb1ea9fe3be9a609af9ed682076b3f392d88e7a2bd7b5811fc1271ad79fb', 24)",0x7cf3d9ca9136f95c60c7428d5b23d18549c57dc4,1
"('0x7d3ddc3b2895b4a2fd0637d7f78595e4df3cc74e11d0c2c14b83062c245c3dad', 81)",0x95fcf621a99ee8a60a057ef8d221ba2f2d3e42e4,1
"('0x19ffbf79d4104b6ed085dfed07a172fcb9c03e08880cf2b6f823d92e9d6db0b4', 44)",0xf143cf590909ca3d16949852795c82ee7f278317,1
"('0xfefb8f2c9c5ea900fa3f02675a397862c55815c100a7cb1af318f0e14064a982', 74)",0xb37a69c4f4eb82af5ccba06ae2bd9fafb8940077,1
"('0xdbcd372e3c40f653fee5811e7e4e46f08bb76e9b00903d3c04f4b5d5956807ad', 1)",0x000000000000000000000000000000000000dead,1
"('0x94ef245ddf982a9573db77caf981163334a1e77475fa992a8ded90e1d8e5d793', 2)",0xe0b015e54d54fc84a6cb9b666099c46ade9335ff,1
"('0xd48df94e85c8b7276d4856223090eefe05a8a491cf2f0a450868dfe1cba43962', 4)",0x60fd38f02c911aa1e3cbfdc5652f30927f0f3f77,1
"('0xe9e9b07f1e70481d0ea462d80697574cb02287fbdb6579da8b7833fed2383fb3', 34)",0x3c34de76ec06d7764dd62967f634e5f531a409d7,1
"('0xc6fb27e8a1949b7d116c762f66ba1b5538fa5c85b44519840d39fb5596dfa159', 60)",0x46db9cd2d8067aa9897eef419568b414b9559df2,1
"('0xd0173fec29aaac41d0e7d815a8652faabf87b67b7f156e43292404ebcb3f9aa5', 8)",0xcfb9b07ea027a29505180d3956a306d16dff58b6,1
"('0xbd582c3a9a400e2f21fb605561148c28315352747e70e227bd17bd489596b9ef', 2)",0x60fd38f02c911aa1e3cbfdc5652f30927f0f3f77,1
"('0xdfb3d457dd5d9b353b6834ae16b9538130e96b2a34e41615be4b6665911e53be', 58)",0x5ba40c393ba0f6d0e89c8f95f3048befea2ceae1,1
"('0x7cee6af616b612ebb5c9495193a7f0b01c19453241969a65ee123f6b591f04b5', 39)",0xb37a69c4f4eb82af5ccba06ae2bd9fafb8940077,1
"('0x65bd8a63ee4e0ad0189b9e159fc1008e2afd35a9012617f499008e495450f600', 45)",0x60fd38f02c911aa1e3cbfdc5652f30927f0f3f77,1
"('0x2be9a166678b0de53f1b0a144571c33b5b009d117170fc2b13e01f7e00f635d0', 129)",0x0ab549549659c61b02b329e8addea25e0b5d2748,1
"('0x8b3064c7a14671822ce30e14b6484d535d6df58831b81b7134d26708ecd52702', 80)",0xebf357764b02a64f8ba00ed4cf4a631af19b09b1,1
"('0x215051c6c6be9bb4c6275f4666e180d9f117789358dba7b37ed831bd3ddf98ad', 17)",0xb37a69c4f4eb82af5ccba06ae2bd9fafb8940077,1
"('0xc44b454bfc867a8ea415f203167fa01870af79bb835f2dd9790955e68b4221c6', 19)",0x60fd38f02c911aa1e3cbfdc5652f30927f0f3f77,1
"('0x17bf59381d457876c1d255ed8c430196af3a9f2c1f72cba0ef59661a1ad83722', 91)",0x0b1289ad0b5edb3c35c231c5f32c36b1243cdfd1,1
